{
  "n": 1017,
  "mean_gbp": 208.17983273077053,
  "median_gbp": 209.66808409492825,
  "sd_gbp": 129.38439322937145,
  "iqr_gbp": 187.00843851615264,
  "min_gbp": 0.14,
  "max_gbp": 672.9061762541111,
  "p5_gbp": 12.028,
  "p95_gbp": 434.49399999999997,
  "cv": 0.621503012718328,
  "outlier_count": 9,
  "outlier_values": [
    580.8,
    586.0,
    589.66,
    584.61,
    582.02
  ],
  "skewness": 0.4464061473339568,
  "kurtosis": -0.16527681317744314,
  "zero_costs": 0,
  "log_cost_mean": 5.005524416014186,
  "log_cost_median": 5.350283833754823,
  "log_cost_sd": 1.0518728353540898,
  "log1p_cost_mean": 5.022416973088478,
  "log1p_cost_median": 5.355019406713632,
  "log1p_cost_sd": 1.015906429549715,
  "tail_95th": 434.49399999999997
}